{
  "label": "A",
  "name": "Unstretched (0%)",
  "strain": 0.0,
  "clearance_time": 43.90788753756949,
  "final_time": 43.90788753756949,
  "lysis_fraction": 0.542,
  "n_ruptured": 272,
  "n_total": 500,
  "n_cleavages": 272,
  "reason": "network_cleared",
  "cleared": true,
  "wall_s": 118.99402499198914
}