{
  "label": "B",
  "name": "Physiological (23%)",
  "strain": 0.23,
  "clearance_time": 47.965380514708094,
  "final_time": 47.965380514708094,
  "lysis_fraction": 0.568,
  "n_ruptured": 285,
  "n_total": 500,
  "n_cleavages": 285,
  "reason": "network_cleared",
  "cleared": true,
  "wall_s": 6.101001024246216
}