strain_pct,n_runs,n_valid,clearance_time_mean,clearance_time_std,clearance_time_sem,clearance_rate,n_ruptured_mean,n_ruptured_std,lysis_fraction_mean,lysis_fraction_std,mean_fiber_strain_initial,n_fragile_initial_mean
0,5,5,32.3103689873994,5.0269462876528905,2.248118723686415,1.0,241.6,21.57081361469706,0.48119999999999996,0.04314162722939413,0.07243359408419049,0.0
10,5,5,32.3103689873994,5.0269462876528905,2.248118723686415,1.0,241.6,21.57081361469706,0.48119999999999996,0.04314162722939413,0.27074929387738134,9.0
22,5,5,32.3103689873994,5.0269462876528905,2.248118723686415,1.0,241.6,21.57081361469706,0.48119999999999996,0.04314162722939413,0.3213882439760042,9.0
40,5,5,32.3103689873994,5.0269462876528905,2.248118723686415,1.0,241.6,21.57081361469706,0.48119999999999996,0.04314162722939413,0.39767849386156007,9.0
60,5,5,32.3103689873994,5.0269462876528905,2.248118723686415,1.0,241.6,21.57081361469706,0.48119999999999996,0.04314162722939413,0.48255015757203024,9.0
100,5,5,32.3103689873994,5.0269462876528905,2.248118723686415,1.0,241.6,21.57081361469706,0.48119999999999996,0.04314162722939413,0.6523774461683164,9.0
